sentence,label_ID
ప్రపంచవ్యాప్తంగా అనేక దేశాలలో స్వలింగ వివాహాలు సర్వసాధారణంగా మారుతున్నాయి మరియు ఇతర దేశాలు దీనిని చట్టబద్ధం చేయాలని ఆలోచిస్తున్నాయి.,15
LGBTQ+ కమ్యూనిటీ యొక్క సాంస్కృతిక గుర్తింపును గౌరవించడంలో మరియు రక్షించడంలో స్వలింగ వివాహానికి ప్రభుత్వం అంగీకరించడం ఒక ముఖ్యమైన అంశం.,11
వలసదారులకు మరియు ప్రస్తుత ప్రజలకు సురక్షితమైన వాతావరణాన్ని అందించడానికి తగిన ఆరోగ్య మరియు భద్రతా నియమాలను తప్పనిసరిగా అమలు చేయాలి.,9
ఆర్థిక స్థిరత్వం మరియు వనరులకు ప్రాప్యత కొత్త దేశంలో ప్రారంభమయ్యే వలసదారుల జీవన నాణ్యతను మెరుగుపరుస్తుంది.,10
రాజకీయ నాయకులు ఓపెన్ vs నియంత్రిత ఇమ్మిగ్రేషన్ విధానాల ప్రయోజనాలు మరియు అప్రయోజనాలు గురించి చర్చించారు.,13
బాహ్య నియంత్రణ ప్రపంచంలోని అనేక దేశాలలో స్వలింగ వివాహ ఖ్యాతిని గణనీయంగా పెంచింది.,14
"ఇటీవలి సంవత్సరాలలో, ప్రజాభిప్రాయం మరింతగా చీలిపోవడంతో ఇమ్మిగ్రేషన్ అంశం ఎక్కువగా విభజించబడింది.",12
"కొత్త దేశానికి వలసలు కొన్నిసార్లు నేర ప్రవర్తన యొక్క ప్రమాదంతో కూడి ఉంటాయి, ఉల్లంఘించిన వారికి కఠినమైన జరిమానాలు అవసరం.",7
ఒకే లింగానికి చెందిన వారిని వివాహం చేసుకునే స్వేచ్ఛ స్వలింగ జంటల సాంస్కృతిక గుర్తింపులను వ్యక్తీకరించడానికి మరియు రక్షించడానికి అవసరమైన అంశం.,11
LGBTQ+ వ్యక్తులు తమ సాంస్కృతిక గుర్తింపును పునరుద్ధరించుకోవడానికి స్వలింగ వివాహ ఆమోదం ఒక అద్భుతమైన మార్గం.,11
"స్వలింగ వివాహంపై ఏదైనా విధానం న్యాయమైన మరియు సమానత్వంపై స్థాపించబడాలి, ఎందుకంటే ఇది గౌరవించవలసిన మానవ హక్కు.",4
ప్రపంచవ్యాప్తంగా అనేక దేశాలలో స్వలింగ వివాహాల చట్టబద్ధత పెద్ద రాజకీయ సమస్య.,13
"స్వలింగ వివాహం అనేది రాజకీయంగా వివాదాస్పద అంశం, మరియు దత్తత హక్కులు, ఉద్యోగ ప్రయోజనాలు మరియు ఆరోగ్య సంరక్షణ వంటి ఇతర అంశాలు తరచుగా స్వలింగ వివాహం యొక్క చట్టపరమైన స్థితి ద్వారా ప్రభావితమవుతాయి.",15
వలసలను ఎదుర్కోవడానికి అవసరమైన సామర్థ్యం మరియు వనరులు తమ వద్ద ఉన్నాయని ప్రభుత్వాలు హామీ ఇవ్వాలి.,2
సామర్థ్యం మరియు వనరులు విస్తరించినందున స్వలింగ వివాహం సమాజంలో మరింత అందుబాటులో మరియు ఆమోదయోగ్యమైనది.,2
కొన్ని దేశాల ఇమ్మిగ్రేషన్ నిబంధనలు కాలక్రమేణా మరింత కఠినంగా మారాయి.,15
ఇమ్మిగ్రేషన్ విధానాలు దేశం యొక్క ఆర్థిక మరియు సామాజిక వాతావరణంపై గణనీయమైన ప్రభావాన్ని చూపుతాయి.,13
"ముందస్తు వ్యతిరేకత ఉన్నప్పటికీ, స్వలింగ వివాహానికి అనుకూలంగా బాహ్య నియంత్రణ కాలక్రమేణా ట్రాక్షన్ పొందింది.",14
"ఇమ్మిగ్రేషన్ ప్రక్రియ కష్టతరమైనది మరియు కష్టతరమైనదిగా ఉంటుంది, అయితే ఇది కొత్తగా వచ్చిన వారికి వారి కొత్త ఇంటి సాంస్కృతిక గుర్తింపుకు సంబంధించిన భావాన్ని మరియు కనెక్షన్‌ను అందించగలదు.",11
"అనేక మంది చట్టసభ సభ్యులు స్వలింగ వివాహానికి అనుకూలంగా మాట్లాడారు, ప్రజలందరికీ సమాన హక్కుల కోసం పిలుపునిచ్చారు.",13
యునైటెడ్ స్టేట్స్‌లో ఇటీవలి సుప్రీం కోర్ట్ నిర్ణయాలు స్వలింగ వివాహం యొక్క చట్టపరమైన మరియు రాజ్యాంగపరమైన పరిణామాలను నొక్కిచెప్పాయి.,5
"ఇమ్మిగ్రేషన్ అనేది మానవ చరిత్రలో ఒక ముఖ్యమైన అంశం, మరియు ఇది ఒక వ్యక్తి యొక్క సాంస్కృతిక గుర్తింపుపై గణనీయమైన ప్రభావాన్ని చూపుతుంది.",11
రాజకీయ నాయకులు తమ స్థావరాన్ని ఆకర్షించడానికి మరియు ఓట్లను గెలుచుకోవడానికి వలసలపై తరచుగా స్థానాలను అవలంబిస్తారు.,13
"ప్రస్తుత అవస్థాపన మరియు సామాజిక సంస్థలపై ఇమ్మిగ్రేషన్ ప్రభావాన్ని అంచనా వేసేటప్పుడు, ఆరోగ్యం మరియు భద్రతా ప్రమాదాలను పరిగణనలోకి తీసుకోవాలి.",9
ఇతర దేశాలలోకి వలస వచ్చినవారి వరద వారి మంచి మరియు చెడు ఆర్థిక వ్యవస్థలపై ప్రభావం చూపింది.,15
దేశంలోకి ఎవరు ప్రవేశించవచ్చు మరియు నిష్క్రమించవచ్చో పర్యవేక్షించడం మరియు నియంత్రించడం ద్వారా దేశం యొక్క భద్రత మరియు రక్షణకు హామీ ఇవ్వడానికి ఇమ్మిగ్రేషన్ అధికారులు తప్పనిసరిగా సహకరించాలి.,8
"స్వలింగ వివాహం జంటలు ఆరోగ్య భీమా, పెన్షన్లు మరియు ఇతర ప్రయోజనాలను పంచుకోవడానికి అనుమతిస్తుంది, ఇది జీవిత నాణ్యతకు దోహదం చేస్తుంది.",10
"పాలసీ ప్రిస్క్రిప్షన్: ఇమ్మిగ్రేషన్ సంస్కరణలో కుటుంబ పునఃకలయికకు ప్రాధాన్యత ఇవ్వాలి, సమస్యకు మరింత సమానత్వం మరియు మానవీయ విధానాన్ని అనుమతిస్తుంది.",6
"ఇమ్మిగ్రేషన్ అనేది సంక్లిష్టమైన మరియు తరచుగా నైతికంగా అస్పష్టమైన విషయం, ఎందుకంటే ఏది మంచి మరియు చెడును గుర్తించడం కష్టం.",3
వలసలు పెరగడం వల్ల కొత్తవారిని స్వాగతించడానికి అదనపు సామర్థ్యం మరియు వనరులు అవసరం.,2
"స్వలింగ వివాహంపై ప్రజాభిప్రాయం విభజించబడింది, చాలా మంది వ్యక్తులు గట్టిగా అనుకూలంగా లేదా తీవ్రంగా వ్యతిరేకిస్తున్నారు.",12
పాలసీ ప్రిస్క్రిప్షన్: స్వలింగ జంటలు పిల్లలను దత్తత తీసుకోవడాన్ని అనుమతించాలి. ఇది స్వలింగ జంటలకు భిన్న లింగ జంటల వలె కుటుంబాన్ని ప్రారంభించడానికి అదే అవకాశాలను అందిస్తుంది.,6
"వివిధ దేశాల్లోని రాజకీయ పార్టీలు స్వలింగ వివాహాలపై భిన్నాభిప్రాయాలను కలిగి ఉన్నాయి, కొందరు దీనిని మొండిగా వ్యతిరేకిస్తున్నారు మరియు మరికొందరు దాని కోసం తీవ్రంగా లాబీయింగ్ చేస్తున్నారు.",13
"అన్ని ప్రభుత్వాలు స్వలింగ జంటల రక్షణ మరియు రక్షణకు ప్రాధాన్యత ఇవ్వాలి, ఎందుకంటే ఒకరికి నచ్చిన వ్యక్తిని వివాహం చేసుకోవడం ప్రాథమిక మానవ హక్కు.",8
"ఇమ్మిగ్రేషన్ యొక్క చట్టబద్ధత నిరంతరం ప్రశ్నార్థకం చేయబడుతోంది, న్యాయమూర్తులు ఈ చట్టాల చెల్లుబాటుపై కేసుల వారీగా తీర్పు చెప్పవలసి ఉంటుంది.",5
"ఇమ్మిగ్రేషన్ యునైటెడ్ స్టేట్స్‌పై అనుకూలమైన ఆర్థిక ప్రభావాన్ని కలిగి ఉంది, ఆర్థిక వృద్ధిని ప్రేరేపించడానికి తాజా కార్మికులు మరియు డబ్బును తీసుకురావడం.",1
ఇతర దేశాల నుండి వలసలను ఎలా నిర్వహిస్తుందనే దాని ద్వారా దేశం యొక్క కీర్తి కొంతవరకు ప్రభావితమవుతుంది.,14
వలసలు అనేక దేశాల సామర్థ్యాలు మరియు వనరులపై భారాన్ని మోపాయి.,2
వలసదారులందరికీ న్యాయం మరియు సమానత్వం యొక్క విలువలను అణగదొక్కడానికి మేము ఎలాంటి పక్షపాతాన్ని అనుమతించకూడదు.,4
పాలసీ ప్రిస్క్రిప్షన్: ప్రపంచవ్యాప్తంగా ఉన్న అన్ని దేశాలలో స్వలింగ వివాహం చట్టబద్ధం కావాలి. మూల్యాంకనం: ఇది స్వలింగ జంటలకు ప్రపంచ గుర్తింపు మరియు రక్షణను అందిస్తుంది.,6
"ఇమ్మిగ్రేషన్ యొక్క ఆర్థిక ప్రయోజనాలు విస్తృతంగా ప్రచారం చేయబడినప్పటికీ, వేతన పోటీ మరియు స్థానిక కార్మికుల స్థానభ్రంశం వంటి ప్రతికూలతలను కూడా పరిగణనలోకి తీసుకోవాలి.",1
ప్రజల భద్రతను భద్రపరచడానికి మరియు వలసల ప్రమాదాల నుండి జాతీయ భద్రత మరియు రక్షణకు వారి సరిహద్దులను రక్షించడానికి ప్రభుత్వాలు సహకరించాలి.,8
"వలసదారులకు సురక్షితమైన మరియు సురక్షితమైన సరిహద్దును అందించడానికి, దేశం యొక్క భద్రత మరియు రక్షణను సంరక్షించే చట్టాలు మరియు నిబంధనలను ఖచ్చితంగా అమలు చేయాలి.",8
పాలసీ ప్రిస్క్రిప్షన్: స్వలింగ వివాహం చట్టపరంగా ప్రాథమిక హక్కుగా గుర్తించబడాలి. ఇది స్వలింగ జంటలకు కీలకమైన చట్టపరమైన గుర్తింపు మరియు రక్షణను ఇస్తుంది.,6
స్వలింగ వివాహం యొక్క రాజకీయ పరిణామాలు ఇటీవలి సంవత్సరాలలో బహిరంగ చర్చలో విస్తృతంగా ప్రస్తావించబడ్డాయి మరియు వాదించబడ్డాయి.,13
"స్వలింగ వివాహాన్ని ఒక నైతిక సమస్యగా పరిగణించకూడదు, కానీ ప్రజలందరికీ న్యాయం మరియు సమానత్వం అనే అంశంగా పరిగణించాలి.",4
"స్వలింగ వివాహాలను అనుమతించడం ఒత్తిడిని తగ్గిస్తుంది మరియు ఆనందాన్ని పెంచుతుందని నిరూపించబడింది, ఫలితంగా మొత్తం జీవన నాణ్యత పెరుగుతుంది.",10
"స్వలింగ వివాహం అనేక దేశాలలో వివాదాస్పద అంశంగా ఉన్నప్పటికీ, కొన్ని దేశాలు దీనిని చట్టబద్ధం చేశాయి, స్వలింగ జంటలు వివాహం చేసుకోవడానికి మరియు వ్యతిరేక-లింగ జంటల వలె అదే అధికారాలను పొందేందుకు వీలు కల్పిస్తాయి.",15
అన్యాయమైన ఇమ్మిగ్రేషన్ నియమాలను సవాలు చేయాలి మరియు న్యాయం మరియు సమానత్వం యొక్క విలువలపై ఆధారపడిన చర్యలతో భర్తీ చేయాలి.,4
స్వలింగ వివాహం యొక్క చట్టపరమైన మరియు రాజ్యాంగపరమైన పరిణామాలు ఇటీవలి సంవత్సరాలలో చాలా దృష్టిని ఆకర్షించాయి.,5
"దేశాలు అక్రమ వలసల పెరుగుదలకు సాక్ష్యమిస్తున్నాయి, వారి వనరులపై ఒత్తిడి తెచ్చింది.",15
"రెండు అంచెల న్యాయ వ్యవస్థను సృష్టించే ప్రయత్నాలకు వ్యతిరేకంగా మనం నిలబడాలి, ఇక్కడ వలసదారులను అసమానంగా చూస్తారు.",4
స్వలింగ వివాహం యొక్క నైతిక పరిణామాలు స్పష్టంగా కనిపిస్తాయి మరియు ప్రతి ఒక్కరూ వాటిని అంగీకరించాలి.,3
కుటుంబ ఐక్యతను నొక్కి చెప్పే ఇమ్మిగ్రేషన్ విధానాలు వలస వచ్చిన కుటుంబాల జీవన నాణ్యతను మెరుగుపరుస్తాయి.,10
"బాహ్య నియంత్రణ స్వలింగ వివాహాన్ని ఎక్కువగా ఆమోదించింది, అనేక దేశాలలో దాని ఖ్యాతిని పెంచుతుంది.",14
నైతిక ప్రాతిపదికన స్వలింగ వివాహాలను నిషేధించడం అంటే ఒక సమూహంలోని వ్యక్తుల సంతోషం కోసం వారి ప్రాథమిక హక్కును హరించడం,3
"వలసదారుల వరదల ఫలితంగా, సమస్యను ఎదుర్కోవడానికి ప్రభుత్వాలు ఎక్కువ సామర్థ్యం మరియు వనరులను కట్టబెట్టవలసి వచ్చింది.",2
"స్వలింగ వివాహం యొక్క చట్టబద్ధత నేరం మరియు శిక్ష యొక్క సాంప్రదాయిక భావనలను పునరాలోచించటానికి కారణమైంది, భాగస్వామ్యాన్ని కొనసాగించాలని ఎంచుకున్న వ్యక్తులు ఇకపై అదే జరిమానాలకు లోబడి ఉండరు.",7
"విధానాన్ని అభివృద్ధి చేస్తున్నప్పుడు, ఇమ్మిగ్రేషన్ యొక్క నైతిక చిక్కులను జాగ్రత్తగా అధ్యయనం చేయాలి, ఇందులో పాల్గొన్న అన్ని పక్షాలు సమానంగా పరిగణించబడుతున్నాయి.",3
అక్రమ వలసలను అరికట్టేందుకు ఇతర దేశాల ప్రభుత్వాలు అనేక రకాల చర్యలు చేపట్టాయి.,15
"స్వలింగ వివాహాలను చట్టబద్ధం చేయడం వల్ల హనీమూన్‌లు, వివాహ వేడుకలు, రిసెప్షన్‌లు మరియు ఇతర సంబంధిత సేవలపై ఖర్చు పెరిగింది, ఇది స్థానిక ఆర్థిక వ్యవస్థలకు ఆర్థిక ప్రోత్సాహాన్ని అందిస్తుంది.",1
స్వలింగ వివాహాల చట్టబద్ధత LGBTQ+ కమ్యూనిటీ జీవన నాణ్యతను మెరుగుపరిచింది.,10
స్వలింగ జంటలు తగిన సామర్థ్యం మరియు వనరులను అందించిన స్వలింగ వివాహానికి సంబంధించిన కళంకాన్ని అధిగమించగలిగారు.,2
వివాహం చేసుకునే హక్కుతో సహా స్వలింగ జంటలకు సమాన హక్కుల కోసం పోరాటంలో ఒకరి ఆరోగ్యం మరియు భద్రతను కాపాడుకోవడం చాలా కీలకం.,9
వలసల ఫలితంగా కమ్యూనిటీలో అభివృద్ధి చెందగల విభిన్న సాంస్కృతిక గుర్తింపులను గుర్తించడం మరియు ప్రోత్సహించడం చాలా కీలకం.,11
"ప్రపంచంలోని చాలా ప్రాంతాలలో స్వలింగ వివాహాన్ని కొనసాగించడం నేరం కాదు, నేరం మరియు శిక్షపై మారుతున్న అవగాహన ద్వారా ఇది సాక్ష్యంగా ఉంది.",7
"పాలసీ ప్రిస్క్రిప్షన్: అన్ని U.S. రాష్ట్రాల్లో స్వలింగ జంటలు వివాహం చేసుకునే చట్టబద్ధమైన హక్కును కలిగి ఉండాలి. మూల్యాంకనం: ఇది అన్ని స్వలింగ జంటలు, వారు ఎక్కడ నివసిస్తున్నారనే దానితో సంబంధం లేకుండా, ఒకే హక్కులు మరియు ప్రయోజనాలను పొందేలా చేస్తుంది.",6
స్వలింగ వివాహం యొక్క బాహ్య నియంత్రణ అనేక దేశాలలో ప్రజాదరణ పొందేందుకు దోహదపడింది.,14
రాజకీయ నాయకులు దేశం యొక్క చట్టాలను సమర్థించే విధానాలను అభివృద్ధి చేయాలి మరియు వలసదారుల పట్ల మానవతా దృక్పథాన్ని కూడా అనుమతించాలి,13
ప్రపంచవ్యాప్తంగా ఉన్న గొప్ప వ్యక్తులను రిక్రూట్ చేయడానికి బాహ్య వలస నియంత్రణ ద్వారా సానుకూల ఖ్యాతిని పెంపొందించుకోవడం చాలా కీలకం.,14
"స్వలింగ సంపర్కుల వివాహాన్ని ఇటీవల చట్టబద్ధం చేసినందున, నేరం మరియు శిక్ష అనే భావన దానిని కోరుకునే వారికి వర్తించదని స్పష్టమైంది.",7
"కొన్ని దేశాల్లో, స్వలింగ వివాహానికి సంబంధించిన ప్రశ్న పబ్లిక్ ఓటుకు సమర్పించబడింది, వ్యక్తులు తమ అభిప్రాయాన్ని చెప్పడానికి అనుమతిస్తారు.",13
"ఇమ్మిగ్రేషన్‌పై ప్రజల అభిప్రాయం విభజించబడింది, కొందరు దీనిని తీవ్రంగా నియంత్రించాలని మరియు మరికొందరు దానిని స్వాగతించాలని నమ్ముతున్నారు.",12
స్వలింగ జంటలు వివాహం చేసుకోవడానికి అనుమతించడం అనేది అందరికీ న్యాయం మరియు సమానత్వం సాధించడంలో కీలకమైన దశ.,4
"స్వలింగ వివాహాల చట్టబద్ధత పర్యాటకం, వ్యాపారం మరియు ఇతర అనుబంధ సేవలను పెంచడం ద్వారా ఆర్థిక వ్యవస్థకు సహాయపడింది.",1
పాలసీ ప్రిస్క్రిప్షన్: ఇమ్మిగ్రేషన్ చట్టాలు వారి నేపథ్యం లేదా మూలంతో సంబంధం లేకుండా ప్రజలందరి మానవ హక్కులను రక్షించే విధంగా రూపొందించాలి.,6
"పౌరులు మరియు పౌరులు కాని వారి భద్రతను రక్షించడానికి, నేర ప్రవర్తనకు బలమైన పరిణామాలను కలిగి ఉన్న ఇమ్మిగ్రేషన్ నియమాలు అవసరం.",7
బాహ్యంగా నియంత్రించబడే ఇమ్మిగ్రేషన్ చట్టాలు దేశం యొక్క ప్రతిష్టను కాపాడతాయి మరియు హాని చేస్తాయి.,14
"స్వలింగ వివాహం యొక్క గుర్తింపుతో, నేరం మరియు శిక్షపై అవగాహనలో మార్పు వచ్చింది, ఎందుకంటే ఇది భాగస్వామి ఎంపిక కోసం ఒక వ్యక్తికి జరిమానా విధించే మార్గంగా పరిగణించబడదు.",7
స్వలింగ వివాహం స్వలింగ జంటలు తమ సాంస్కృతిక గుర్తింపులను గతంలో సాధ్యం కాని మార్గాల్లో గుర్తించడం మరియు అభినందించడం సాధ్యమయ్యేలా చేసింది.,11
"ఇటీవలి సంవత్సరాలలో, స్వలింగ వివాహంపై ప్రజల అభిప్రాయం గణనీయంగా అభివృద్ధి చెందింది, ఇప్పుడు మెజారిటీ యువకులు అనుకూలంగా ఉన్నారు.",12
"యునైటెడ్ స్టేట్స్ అంతటా, స్వలింగ వివాహం యొక్క రాజ్యాంగబద్ధత వివిధ చట్టపరమైన వివాదాలకు సంబంధించిన అంశం.",5
"నేరం మరియు శిక్షల సమస్య విషయానికి వస్తే, స్వలింగ వివాహం అనేది నేర న్యాయ వ్యవస్థను సమూలంగా మార్చగల సామర్థ్యాన్ని కలిగి ఉన్నందున ఇది వివాదాస్పదంగా ఉంది.",7
స్వలింగ వివాహాల చట్టబద్ధత LGBTQ+ కమ్యూనిటీ యొక్క సాంస్కృతిక గుర్తింపును నిర్ధారించడంలో కీలక పాత్ర పోషించింది.,11
మూల్యాంకనం: వలసదారులను గౌరవంగా మరియు గౌరవంగా చూసుకునేలా ఇమ్మిగ్రేషన్ పాలసీ దాని సామర్థ్యాన్ని అంచనా వేయాలి.,6
"స్వలింగ వివాహం వివాహ తయారీ, ఫోటోగ్రఫీ మరియు క్యాటరింగ్ వంటి పరిశ్రమలలో ప్రధాన ఉద్యోగ అభివృద్ధికి దారితీసింది, కొత్త ఆర్థిక అవకాశాలను తెరిచింది.",1
"ఇమ్మిగ్రేషన్ యొక్క చట్టబద్ధత సున్నితమైన అంశంగా ఉంది, ప్రస్తుత ఇమ్మిగ్రేషన్ నియమాల రాజ్యాంగబద్ధత రోజూ కోర్టులో సవాలు చేయబడుతోంది.",5
ఇమ్మిగ్రేషన్ పరిమితులను అమలు చేసే బయటి శక్తులు ఒక వ్యక్తి ప్రతిష్టపై గణనీయమైన ప్రభావాన్ని చూపుతాయి.,14
ఇమ్మిగ్రేషన్ పౌరులు మరియు వలసదారులను ప్రభావితం చేస్తుంది కాబట్టి ఇది నైతిక మరియు ఆర్థిక సమస్యలను కలిగి ఉంది.,3
"స్వలింగ వివాహాల చట్టబద్ధత LGBT జనాభాపై ప్రజల అభిప్రాయాన్ని మెరుగుపరిచినందున, మరిన్ని వ్యాపారాలు మరియు సంస్థలు వారిని వినియోగదారులు మరియు ఉద్యోగులుగా అంగీకరిస్తున్నాయి, ఇది దేశం యొక్క ఆర్థిక శ్రేయస్సును పెంచుతుంది.",1
"స్వలింగ వివాహం యొక్క చట్టబద్ధతను స్థాపించేటప్పుడు, నైతికత నిర్ణయాత్మక అంశంగా ఉండాలి.",3
"మెరుగైన విద్య, ఆరోగ్య సంరక్షణ మరియు పని అవకాశాల ద్వారా వలసదారుల జీవన నాణ్యత గణనీయంగా మెరుగుపడవచ్చు.",10
నైతికత స్వలింగ వివాహం నిబద్ధత మరియు ప్రేమ యొక్క చట్టబద్ధమైన వ్యక్తీకరణగా గుర్తించబడాలి.,3
"ఇటీవలి సర్వేలు జనాభాలో మెజారిటీ ఇమ్మిగ్రేషన్‌కు మద్దతిస్తున్నట్లు చూపుతుండగా, పెద్ద సంఖ్యలో మైనారిటీ దీనిని వ్యతిరేకిస్తోంది.",12
"స్వలింగ వివాహం యొక్క చట్టబద్ధత ఇప్పటికీ వివాదాస్పదంగా ఉంది, కొన్ని రాష్ట్రాలు దీనిని గుర్తించాయి, మరికొన్ని గుర్తించలేదు.",5
"వలసలు విస్తరిస్తున్నప్పుడు, కొత్త ఆలోచనలు మరియు అలవాట్లు ప్రవేశపెట్టబడినందున దేశం యొక్క సాంస్కృతిక గుర్తింపు ఎల్లప్పుడూ మారుతూ ఉంటుంది.",11
"ఇమ్మిగ్రేషన్ విధానాల యొక్క నైతిక చిక్కులను, అలాగే అవి ప్రభావితమైన వ్యక్తులను ఎలా ప్రభావితం చేస్తాయో పరిగణనలోకి తీసుకోవడం చాలా కీలకం.",3
"వలసదారుల ఆరోగ్యం మరియు భద్రతను కాపాడేందుకు, పెరుగుతున్న జనాభాకు అనుగుణంగా తగిన వనరులు మరియు నిబంధనలు ఉన్నాయని అధికారులు నిర్ధారించాలి.",9
"స్వలింగ వివాహం మరింత గుర్తింపు పొందడంతో, బహిరంగ చర్చ మరింత వేడెక్కింది.",12
అసెస్‌మెంట్: ఇమ్మిగ్రేషన్ పాలసీని అన్ని ఇమ్మిగ్రేషన్‌లకు న్యాయమైన మరియు న్యాయమైన వ్యవస్థను రూపొందించే దాని సామర్థ్యం ఆధారంగా అంచనా వేయాలి.,6
"ఇది తాజా ఆలోచనలు మరియు అనుభవాలను పొందుపరచడానికి అనుమతిస్తుంది కాబట్టి, దేశం యొక్క సాంస్కృతిక గుర్తింపును మెరుగుపరచడానికి వలసలు సహాయపడవచ్చు.",11
జనాభా పెరుగుదలతో ముడిపడి ఉన్న సంభావ్య బెదిరింపులను పరిష్కరించడం ద్వారా ఇమ్మిగ్రేషన్ విధానం దేశం యొక్క భద్రత మరియు రక్షణను తప్పనిసరిగా కాపాడాలి.,8
"స్వలింగ వివాహంపై ప్రజాభిప్రాయం ఇప్పటికీ మారుతూనే ఉంది, మరిన్ని రాష్ట్రాలు చట్టాన్ని ఆమోదించడంతో మనోభావాలు మారుతున్నాయి.",12
"స్వలింగ వివాహ హక్కులు మరియు ప్రయోజనాలను పరిగణనలోకి తీసుకున్నప్పుడు, LGBTQ+ జనాభా యొక్క ఆరోగ్యం మరియు భద్రతను ఎల్లప్పుడూ పరిగణనలోకి తీసుకోవాలి.",9
"ఇటీవలి పోల్‌లు స్వలింగ వివాహం గురించిన వైఖరులు మారుతున్నాయని చూపిస్తున్నాయి, ఇప్పుడు మెజారిటీ అమెరికన్లు అనుకూలంగా ఉన్నారు.",12
"దేశంలోకి ప్రవేశించడానికి ఎవరు అనుమతించబడతారో ఎంచుకున్నప్పుడు, ఇమ్మిగ్రేషన్ నియమాలు తప్పనిసరిగా భద్రత మరియు రక్షణ అవసరాన్ని ప్రతిబింబించాలి.",8
"ఇటీవలి సంవత్సరాలలో, అనేక దేశాలలో వలసలు ప్రధాన రాజకీయ సమస్యగా మారాయి.",13
స్వలింగ వివాహానికి సంబంధించిన నైతిక కేసు ప్రేమ సార్వత్రికమైనది మరియు దానిని ఎవరికీ తిరస్కరించకూడదు అనే భావనపై ఆధారపడి ఉంటుంది.,3
స్వలింగ వివాహానికి మద్దతుదారులు స్వలింగ సంపర్కులు మరియు లెస్బియన్ జంటలు భిన్న లింగ జంటలకు సమానమైన భద్రత మరియు రక్షణను కలిగి ఉండాలని నమ్ముతారు.,8
"సాంస్కృతిక మరియు మతపరమైన వైవిధ్యం వలసదారులకు ఆనందాన్ని మరియు సుసంపన్నతను కలిగిస్తుంది, వారి జీవన నాణ్యతను మెరుగుపరుస్తుంది.",10
"ఒక దేశానికి కొత్తవారి ప్రవాహం తరచుగా కొన్ని రకాల నేర ప్రవర్తన పెరుగుదలతో కూడి ఉంటుంది, శిక్షాత్మక చర్యలకు బలమైన నిబద్ధత అవసరం.",7
స్వలింగ జంటలను వివాహం చేసుకోవడానికి అనుమతించడం అనేది సంబంధ నిర్ణయాలను తీసుకునేటప్పుడు భార్యాభర్తలిద్దరి ఆరోగ్యం మరియు భద్రతను పరిగణనలోకి తీసుకుంటుందని హామీ ఇస్తుంది.,9
ఇమ్మిగ్రేషన్ యొక్క నైతికత తప్పనిసరిగా స్థానికులు మరియు వలసదారులకు సాధ్యమయ్యే ప్రయోజనాలతో సమతుల్యంగా ఉండాలి.,3
"చట్టవిరుద్ధమైన ప్రవర్తనకు తగిన జరిమానాలను అమలు చేస్తూనే, పౌరులు మరియు పౌరులు కాని వారి భద్రతను కాపాడేందుకు ఇమ్మిగ్రేషన్ విధానాన్ని జాగ్రత్తగా అభివృద్ధి చేయాలి.",7
"ఇమ్మిగ్రేషన్‌పై ప్రజల అభిప్రాయం తరచుగా వార్తల చక్రం ప్రకారం మారుతుంది, మీడియా కవరేజీ ద్వారా ప్రజల దృక్కోణాలు ప్రభావితమవుతాయి.",12
పాలసీ ప్రిస్క్రిప్షన్: స్వలింగ జంటలకు భిన్న లింగ జంటలకు సమానమైన హక్కులు మరియు ప్రయోజనాలు ఇవ్వాలి. ఇది స్వలింగ జంటలు చట్టం ప్రకారం సమానంగా పరిగణించబడుతుందని నిర్ధారిస్తుంది.,6
వలసలపై బాహ్య పరిమితులు విధించేటప్పుడు ప్రభుత్వాలు తమ దేశం యొక్క ప్రతిష్టను పరిగణనలోకి తీసుకోవాలి.,14
"ఇటీవలి సంవత్సరాలలో, ఇమ్మిగ్రేషన్ సంస్కరణలు ఉద్వేగభరితమైన చర్చకు దారితీశాయి, ఇది ఆర్థిక ప్రయోజనాలు మరియు ఖర్చులు రెండింటికీ దారితీస్తుందని చాలా మంది నమ్ముతున్నారు.",1
"స్వలింగ వివాహం అనేది LGBT కమ్యూనిటీ యొక్క భద్రత మరియు రక్షణలో ఒక క్లిష్టమైన సమస్య, ఎందుకంటే ఇది వారిని చట్టబద్ధంగా గుర్తించి, రక్షించబడటానికి అనుమతిస్తుంది.",8
".దశాబ్దాలుగా, ఇతర దేశాలలో వలసలపై వాదన ఘర్షణకు కారణం.",15
"ఇమ్మిగ్రేషన్ నియమాలు జాతి, మతం లేదా జాతీయతతో సంబంధం లేకుండా ప్రజలందరినీ న్యాయంగా మరియు సమానంగా చూస్తారని హామీ ఇవ్వాలి.",4
కొత్త వ్యక్తుల ప్రవాహం మరియు ప్రస్తుత అవస్థాపనకు సాధ్యమయ్యే మార్పుల కారణంగా వలసలు గణనీయమైన ఆరోగ్య మరియు భద్రతా పరిణామాలను సృష్టించగలవు.,9
స్వలింగ వివాహం యొక్క అంశం వ్యక్తిగత హక్కులే కాకుండా అన్ని జంటలకు న్యాయం మరియు సమానత్వాన్ని ముందుకు తీసుకెళ్లడం.,4
"ప్రజాభిప్రాయ సేకరణలు చాలా మంది ప్రజలు ఇమ్మిగ్రేషన్ ఆర్థిక వ్యవస్థకు సహాయకారిగా భావిస్తున్నారని చూపిస్తున్నప్పటికీ, దానికి కొంత శత్రుత్వం ఇప్పటికీ ఉంది.",12
వలసదారులను మర్యాద మరియు గౌరవంతో చూడటం మరియు వారికి అమెరికన్ల వలె అదే హక్కులు మరియు ప్రయోజనాలు కల్పించడం చాలా క్లిష్టమైనది.,4
"బాహ్య నియంత్రణ స్వలింగ వివాహాన్ని మరింత విస్తృతంగా గుర్తించింది, ఫలితంగా మొత్తం ఖ్యాతి పెరిగింది.",14
మూల్యాంకనం: దేశంలోకి ప్రవేశించాలనుకునే వ్యక్తులకు పౌరసత్వానికి సురక్షితమైన మరియు సురక్షితమైన మార్గాలను అందించే సామర్థ్యం ఆధారంగా ఇమ్మిగ్రేషన్ విధానాన్ని అంచనా వేయాలి.,6
స్థానికంగా జన్మించిన ఉద్యోగులకు అధిక జీతాలు మరియు పెరిగిన ఆర్థిక ఉత్పత్తి వలసలకు సంబంధించినవి.,1
"ప్రతి ఒక్కరూ, లైంగిక ధోరణితో సంబంధం లేకుండా, ఒకే హక్కులు మరియు ప్రయోజనాలకు అర్హులు మరియు న్యాయం మరియు సమానత్వాన్ని సాధించడంలో స్వలింగ వివాహం కీలకమైన అంశం.",4
"వలసదారులు కొత్త దేశానికి మారినప్పుడు, వారి జీవన నాణ్యత తరచుగా మెరుగుపడుతుంది.",10
స్వలింగ వివాహం రక్షిత హక్కుగా ఉండాలి మరియు వారి యూనియన్‌ను జరుపుకోవడానికి ఎంచుకున్న వ్యక్తుల ఆరోగ్యం మరియు భద్రతను కాపాడేందుకు సమాజంలోని అన్ని భాగాలు కలిసి పని చేయాలి.,9
"యునైటెడ్ స్టేట్స్ అంతటా, ఇమ్మిగ్రేషన్ పాలసీ యొక్క రాజ్యాంగబద్ధతను స్థాపించడానికి న్యాయశాస్త్రం ఉపయోగించబడింది.",5
"స్వలింగ జంటలు వివాహం చేసుకునే సామర్థ్యం మరియు వనరుల లభ్యత కారణంగా, వారు ఇప్పుడు భిన్న లింగ జంటలకు సమానమైన హక్కులను కలిగి ఉన్నారు.",2
"ప్రభుత్వాలు మరియు వాణిజ్య రంగం రెండింటి నుండి సామర్థ్యం మరియు వనరుల నిబద్ధత కారణంగా, స్వలింగ జంటలు ఇప్పుడు భిన్న లింగ జీవిత భాగస్వాములకు సమానమైన హక్కులను కలిగి ఉన్నారు.",2
"స్వలింగ వివాహం యొక్క ఆమోదంతో, జంటలు ఇప్పుడు మరింత స్థిరమైన మరియు సురక్షితమైన వాతావరణాన్ని ఆస్వాదించవచ్చు, ఫలితంగా అధిక నాణ్యత గల జీవితాన్ని పొందవచ్చు.",10
"స్వలింగ వివాహంపై చర్చలో భద్రత మరియు రక్షణ కీలకమైన భాగాలు, ఎందుకంటే చట్టబద్ధత ఈ భాగస్వామ్యాల్లో చేరడానికి ఎంచుకున్న వ్యక్తుల భద్రత మరియు రక్షణపై గణనీయమైన ప్రభావాన్ని చూపుతుంది.",8
స్వలింగ వివాహ వ్యతిరేకులు కొన్నిసార్లు తమ అభ్యంతరాలను మతపరమైన అభిప్రాయాలు లేదా సాంప్రదాయ విలువలకు ఆపాదిస్తారు.,15
ఇమ్మిగ్రేషన్ విధానానికి అనుగుణంగా సామర్థ్యాలు మరియు వనరులను ఎక్కువగా విస్తరించకుండా ఉండాలి.,2
వలసదారుల వరద US ఆర్థిక వ్యవస్థలోకి సరికొత్త ఆలోచనలు మరియు వ్యవస్థాపకతను చొప్పించిన ఘనత.,1
ఇప్పటికే ఉన్న న్యాయశాస్త్రం మరియు చట్టపరమైన పూర్వాపరాలను ఉపయోగించి ఇమ్మిగ్రేషన్ చట్టాల చట్టబద్ధతను విశ్లేషించడం న్యాయస్థానాల పని.,5
"స్వలింగ వివాహం వ్యతిరేక లింగ వివాహం వలె అదే చట్టపరమైన హక్కులు మరియు ప్రయోజనాలను అందిస్తుంది, దీని ఫలితంగా చాలా మంది వ్యక్తులకు ఉన్నత జీవన ప్రమాణాలు లభిస్తాయి.",10
స్వలింగ వివాహం కోసం న్యాయవాదులు ఒకే లింగానికి చెందిన వ్యక్తులు వివాహం చేసుకోవడానికి మరియు వ్యతిరేక లింగ జంటల వలె అదే చట్టపరమైన అధికారాలను అనుభవించడానికి అనుమతించబడాలని భావిస్తున్నారు.,15
స్వలింగ జంటల భద్రత మరియు రక్షణ అనేది వివాహం చేసుకోవడానికి ఎంచుకున్న వ్యక్తుల భద్రతకు అలాగే వారి కుటుంబాల రక్షణకు కీలకం.,8
ఇమ్మిగ్రేషన్ విధానం తప్పనిసరిగా వలసదారులు మరియు సాధారణ ప్రజల కోసం ఆరోగ్య మరియు భద్రతా పరిణామాలను పరిగణనలోకి తీసుకోవాలి.,9
"అనేక దేశాలలో, కొన్ని రకాల నేర ప్రవర్తనలో పెరుగుదల వలసల పెరుగుదలతో ముడిపడి ఉంది, కఠినమైన శిక్షా విధానం అవసరం.",7
"1990వ దశకంలో స్వలింగ వివాహానికి చట్టబద్ధమైన గుర్తింపు లభించినప్పటి నుండి, ఈ అంశంపై న్యాయశాస్త్రం మారుతూ వచ్చింది.",5
స్వలింగ జంటలు వివాహం చేసుకోవడానికి మరియు భిన్న లింగ జంటల వలె అదే హక్కులను ఆస్వాదించడానికి సామర్థ్యం మరియు వనరుల లభ్యత స్వలింగ వివాహాన్ని ఊహించదగినదిగా చేసింది.,2
స్వలింగ వివాహాలు స్వలింగ జంటల అంగీకారం మరియు లైంగిక ధోరణి గురించి మరింత బహిరంగ చర్చను ప్రోత్సహించడం ద్వారా ప్రజారోగ్యం మరియు భద్రతను మెరుగుపరచగల సామర్థ్యాన్ని కలిగి ఉంటాయి.,9
ఇమ్మిగ్రేషన్ చట్టం యొక్క చట్టబద్ధత తప్పనిసరిగా చట్టపరమైన వివరణ ప్రమాణాలకు కట్టుబడి ఉండటం ద్వారా నిర్ణయించబడుతుంది.,5
"స్వలింగ వివాహం వ్యాపారాలకు వైవిధ్యభరితమైన మరియు పెద్ద క్లయింట్ స్థావరాన్ని ఆకర్షించే సామర్థ్యాన్ని అందించింది, ఫలితంగా మరింత స్థితిస్థాపకంగా మరియు స్థిరమైన ఆర్థిక వ్యవస్థ ఏర్పడుతుంది.",1
గ్రహం అంతటా అనేక దేశాలలో స్వలింగ వివాహం యొక్క స్టాండింగ్ బయటి మార్గదర్శకాల ద్వారా అపారంగా పనిచేసింది.,14
"ఇమ్మిగ్రేషన్‌పై ప్రజల అభిప్రాయం విభజించబడింది, కొంతమంది దీనిని ఖచ్చితంగా నియంత్రించాలని మరియు మరికొందరు దానిని స్వాగతించాలని భావిస్తున్నారు.",12
ప్రభుత్వాలు తమ పౌరుల భద్రతను నిర్ధారించడానికి మరియు జాతీయ భద్రత మరియు రక్షణకు ఇమ్మిగ్రేషన్ బెదిరింపుల నుండి వారి సరిహద్దులను రక్షించడానికి కలిసి పని చేయాలి.,8
ఇమ్మిగ్రేషన్ అనేది మానవ చరిత్రలో అంతర్భాగంగా ఉంది మరియు ఇది ఒక వ్యక్తి యొక్క సాంస్కృతిక గుర్తింపుపై శక్తివంతమైన ప్రభావాన్ని చూపుతుంది.,11
"స్వలింగ వివాహం అనేది వ్యక్తిగత హక్కుల గురించి మాత్రమే కాదు, అన్ని జంటలకు న్యాయమైన మరియు సమానత్వాన్ని ప్రోత్సహించడం.",4
"ఇమ్మిగ్రేషన్ విధానాలు తప్పనిసరిగా పౌరులు మరియు పౌరులు కాని వారి భద్రతను నిర్ధారించడానికి జాగ్రత్తగా రూపొందించబడాలి, అదే సమయంలో నేరపూరిత చర్యలకు తగిన శిక్షలను కూడా విధించాలి.",6
స్వలింగ వివాహం ఒక రక్షిత హక్కుగా ఉండాలి మరియు వారి కలయికను జరుపుకోవాలనుకునే వారి ఆరోగ్యం మరియు భద్రతను నిర్ధారించడం సమాజంలోని సభ్యులందరి బాధ్యత.,9
"స్వలింగ వివాహాన్ని నైతికతకు సంబంధించిన సమస్యగా చూడకూడదు, అయితే వ్యక్తులందరికీ న్యాయం మరియు సమానత్వం.",4
స్వలింగ వివాహాల మద్దతుదారులు స్వలింగ సంపర్కులు మరియు లెస్బియన్ జంటల భద్రత మరియు రక్షణ హెటెరో జంటలకు సమానంగా ఉండాలని వాదించారు.,8
"స్వలింగ వివాహం యొక్క చట్టబద్ధత ప్రస్తుతం వివాదాస్పద అంశంగా ఉంది, కొన్ని రాష్ట్రాలు దానిని గుర్తుంచుకోవాలి మరియు ఇతరులు గుర్తుంచుకోరు.",5
"స్వలింగ వివాహాల మంజూరు LGBT వ్యక్తుల సమూహం యొక్క బహిరంగ వీక్షణపై పని చేసింది, అదనపు సంస్థలు మరియు సంఘాలను తీసుకురావడం ద్వారా వారిని క్లయింట్లు మరియు ప్రతినిధులుగా ఆహ్వానిస్తుంది, ఈ విధంగా దేశం యొక్క ఆర్థిక శ్రేయస్సును పెంచుతుంది.",1
"వివిధ దేశాల్లోని సైద్ధాంతిక సమూహాలు స్వలింగ వివాహంపై వివిధ దృక్కోణాలను కలిగి ఉన్నాయి, కొన్ని నిస్సందేహంగా విరుద్ధంగా ఉన్నాయి మరియు మరికొందరు దానికి సమర్థవంతంగా మద్దతు ఇస్తున్నాయి.",13
స్వలింగ వివాహానికి సంబంధించిన నైతిక వాదన ప్రేమ సార్వత్రికమైనది మరియు ఎవరికీ నిరాకరించబడకూడదనే నమ్మకంతో పాతుకుపోయింది.,3
LGBTQ+ కమ్యూనిటీ యొక్క సాంస్కృతిక గుర్తింపును జరుపుకోవడంలో మరియు రక్షించడంలో ప్రభుత్వం స్వలింగ వివాహాన్ని గుర్తించడం ఒక మైలురాయి.,11
ఆర్థిక స్థిరత్వం మరియు వనరులకు ప్రాప్యత వేరే దేశంలో కొత్త జీవితాన్ని గడపడానికి వలసదారుల జీవన నాణ్యతను మెరుగుపరుస్తుంది.,2
ప్రపంచవ్యాప్తంగా ఉన్న అన్ని దేశాలలో స్వలింగ వివాహం తప్పనిసరిగా గ్రహించబడాలి. అంచనా: ఇది స్వలింగ జంటలకు ప్రపంచవ్యాప్త గుర్తింపు మరియు భద్రతను అందిస్తుంది.,6
"కొన్ని దేశాలలో, స్వలింగ వివాహాల సమస్య పబ్లిక్ మ్యాండేట్‌గా ఉంచబడింది, ఈ పరిస్థితికి సంబంధించి నివాసితులు తమ అభిప్రాయాన్ని తెలియజేయడానికి అనుమతిస్తారు.",13
"తగిన పరిమితి మరియు ఆస్తులతో, స్వలింగ జంటలు స్వలింగ వివాహానికి సంబంధించిన అవమానాన్ని అధిగమించే అవకాశం ఉంది.",2
స్వలింగ వివాహం యొక్క చట్టబద్ధమైన మరియు రక్షిత శాఖలు ఇటీవల చాలా శాసనాల అంశంగా ఉన్నాయి.,5
"మెరుగైన విద్య, ఆరోగ్య సంరక్షణ మరియు ఉపాధి అవకాశాలను పొందడం వల్ల వలసదారుల జీవన ప్రమాణాలు గణనీయంగా పెరుగుతాయి.",10
"వలసలు పెరిగేకొద్దీ, కొత్త ఆలోచనలు మరియు ఆచారాలను పరిచయం చేయడంతో ఒక దేశం యొక్క సాంస్కృతిక గుర్తింపు స్థిరమైన స్థితిలో ఉంటుంది.",11
ప్రస్తుత అవస్థాపన మరియు సామాజిక నిర్మాణాలపై ఇమ్మిగ్రేషన్ ప్రభావాన్ని పరిగణనలోకి తీసుకున్నప్పుడు ఆరోగ్యం మరియు భద్రతా ప్రమాదాలను తప్పనిసరిగా పరిష్కరించాలి.,9
స్వలింగ వివాహం చట్టం ప్రకారం ప్రధాన హక్కుగా గుర్తించబడాలి. మూల్యాంకనం: ఇది స్వలింగ జంటలకు ముఖ్యమైన చట్టబద్ధమైన అంగీకారాన్ని మరియు హామీని ఇస్తుంది.,6
"ఔటర్ గైడ్‌లైన్ స్వలింగ సంయోగాన్ని మరింత విస్తృతంగా గుర్తించి, సాధారణ మెరుగైన స్థితిని తీసుకురావడానికి అనుమతించింది.",14
US ఆర్థిక వ్యవస్థకు కొత్త ఆలోచనలు మరియు వ్యవస్థాపకత యొక్క ఇంజెక్షన్ అందించడంలో వలసదారుల ప్రవాహం ఘనత పొందింది.,1
ఇమ్మిగ్రేషన్ విధానాలు తప్పనిసరిగా సామర్థ్యం మరియు వనరులు ఎక్కువగా విస్తరించకుండా ఉండేలా రూపొందించాలి.,2
పెరిగిన వలసలు స్థానికంగా జన్మించిన కార్మికులకు అధిక వేతనాలతో మరియు ఆర్థిక ఉత్పాదకతను పెంచడానికి అనుసంధానించబడ్డాయి.,1
స్వలింగ వివాహాలు స్వలింగ జంటల అంగీకారాన్ని ప్రోత్సహించడం మరియు లైంగిక ధోరణి గురించి మరింత బహిరంగ సంభాషణను ప్రోత్సహించడం ద్వారా ప్రజారోగ్యం మరియు భద్రతకు ప్రయోజనం చేకూర్చే సామర్థ్యాన్ని కలిగి ఉంటాయి.,9
అన్యాయమైన ఇమ్మిగ్రేషన్ విధానాలను సవాలు చేయాలి మరియు న్యాయమైన మరియు సమానత్వ సూత్రాలపై ఆధారపడిన చర్యలతో భర్తీ చేయాలి.,6
"అన్ని U.S. రాష్ట్రాల్లో స్వలింగ జంటలు వివాహం చేసుకోవడానికి చట్టబద్ధమైన హక్కును కలిగి ఉండాలి. మూల్యాంకనం: సమానమైన సెక్స్ జంటలందరికీ ఒకే రకమైన స్వేచ్ఛ మరియు గౌరవాలు ఉన్నాయని, వారు నివసించే ప్రదేశానికి తక్కువ శ్రద్ధ చూపుతారని ఇది హామీ ఇస్తుంది.",6
"ప్రజల సెంటిమెంట్ యొక్క ఆలస్య అంచనాలు స్వలింగ వివాహం పట్ల మారుతున్న వైఖరిని వెలికితీశాయి, ప్రస్తుతం చాలా మంది అమెరికన్లు సహాయంలో ఉన్నారు.",12
దేశంలోకి ప్రవేశించడానికి ఎవరిని అనుమతించాలో నిర్ణయించేటప్పుడు ఇమ్మిగ్రేషన్ విధానాలు తప్పనిసరిగా భద్రత మరియు రక్షణ అవసరాన్ని పరిగణనలోకి తీసుకోవాలి.,8
కొత్త దేశానికి వెళ్లేటప్పుడు వలసదారులు తరచుగా జీవన నాణ్యతలో మెరుగుదలను అనుభవిస్తారు.,10
స్వలింగ వివాహం గురించి బహిరంగ చర్చ మరింత విస్తృతమైన అంగీకారాన్ని పొందడంతో క్రమంగా అసాధారణంగా మారింది.,12
స్వలింగ వివాహం స్వలింగ జంటలు తమ సాంస్కృతిక గుర్తింపును గతంలో సాధ్యం కాని విధంగా గుర్తించి గౌరవించుకునేలా చేసింది.,11
"స్వలింగ వివాహంపై సాధారణ అంచనా విభజించబడింది, చాలా మంది వ్యక్తులు దృఢంగా సహాయం లేదా గట్టిగా వ్యతిరేకంగా ఉన్నారు.",12
బయటి శక్తులచే అమలు చేయబడిన ఇమ్మిగ్రేషన్ నిబంధనలు వ్యక్తి ప్రతిష్టపై తీవ్ర ప్రభావం చూపుతాయి.,14
కుటుంబ ఏకీకరణకు ప్రాధాన్యతనిచ్చే ఇమ్మిగ్రేషన్ విధానాలు వలస వచ్చిన కుటుంబాల జీవన నాణ్యతపై సానుకూల ప్రభావాన్ని చూపుతాయి.,10
"స్వలింగ వివాహానికి సంబంధించిన ఏ విధానానికైనా న్యాయం మరియు సమానత్వం పునాదిగా ఉండాలి, అది గౌరవించవలసిన మానవ హక్కు.",4
స్వలింగ వివాహానికి సంబంధించిన శాసనం 1990లలో ప్రారంభమైన శిక్షణకు సంబంధించిన ప్రధాన చట్టబద్ధమైన అంగీకార పత్రం నుండి ముందుకు సాగుతోంది.,5
"ఇమ్మిగ్రేషన్‌పై మెజారిటీ ప్రజలు అనుకూలంగా అభిప్రాయపడుతున్నారని ఇటీవలి పోల్‌లు సూచిస్తున్నాయి, అయితే ఇప్పటికీ దానిని వ్యతిరేకించే స్వర మైనారిటీ ఉంది.",12
"రెండు అంచెల న్యాయ వ్యవస్థను సృష్టించే ప్రయత్నాలకు వ్యతిరేకంగా మనం నిలబడాలి, ఇక్కడ వలసదారులను అసమానంగా చూస్తారు.",4
వివిధ దేశాలకు విదేశీయుల ప్రవాహం వారి ప్రత్యేక ఆర్థిక వ్యవస్థలను ప్రతికూలంగా ప్రభావితం చేస్తుంది.,15
"స్వలింగ వివాహం వివాహ ఏర్పాట్లు, ఫోటోగ్రఫీ మరియు వంట వంటి రంగాలలో క్లిష్టమైన పని అభివృద్ధిని సృష్టించింది, కొత్త ద్రవ్య ఓపెన్ డోర్‌లను ఏర్పాటు చేసింది.",1
ఇమ్మిగ్రేషన్‌ను ఎదుర్కోవడానికి వారికి తగిన సామర్థ్యం మరియు వనరులు ఉన్నాయని ప్రభుత్వాలు నిర్ధారించుకోవాలి.,2
"స్వలింగ వివాహం జంటలకు వైద్య కవరేజీ, ప్రయోజనాలు మరియు విభిన్న ప్రయోజనాలను పంచుకునే సామర్థ్యాన్ని అందిస్తుంది, ఇది జీవితాంతం మరింత మెరుగుపడుతుంది.",10
ఇటీవలి కాలంలో అనేక దేశాలలో వలస అనేది ఒక ముఖ్యమైన విధాన ఆధారిత సమస్య.,6
లైంగిక ధోరణితో సంబంధం లేకుండా ప్రతి ఒక్కరూ ఒకే హక్కులు మరియు అధికారాలకు అర్హులు కావాలి మరియు స్వలింగ వివాహం అనేది న్యాయమైన మరియు సమానత్వాన్ని సాధించడంలో ప్రాథమిక భాగం.,4
స్వలింగ జంటలు వివాహం చేసుకోవడానికి మరియు హెటెరో జంటలకు సమానమైన స్వేచ్ఛను పొందేందుకు పరిమితి మరియు ఆస్తుల ప్రాప్యత ద్వారా స్వలింగ వివాహం ఊహించదగినదిగా చేయబడింది.,2
"స్వలింగ జంటల భద్రత మరియు కాపలా అనేది అన్ని దేశాలకు నిజంగా ముఖ్యమైనదిగా ఉండాలి, ఎందుకంటే ఒకరి వ్యక్తిగత ప్రాధాన్యతకు తగిన వ్యక్తిని వివాహం చేసుకునేందుకు ఇది ఒక ముఖ్యమైన ప్రాథమిక స్వేచ్ఛ.",8
"స్వలింగ వివాహం అనేక దేశాలలో దాని స్థితిపై పని చేస్తూ, బాహ్య మార్గదర్శకం ద్వారా క్రమంగా అంగీకరించబడింది.",14
ఇమ్మిగ్రేషన్ విధానాల యొక్క నైతిక చిక్కుల గురించి ఆలోచించడం చాలా ముఖ్యం మరియు అవి ప్రభావితమైన వారిని ఎలా ప్రభావితం చేస్తాయి.,3
ప్రపంచంలోని చాలా ప్రాంతాల్లో స్వలింగ వివాహాన్ని కొనసాగించడం ఇకపై నేరం కాదు మరియు ఇది నేరం మరియు శిక్ష యొక్క మారుతున్న వివరణలో ప్రతిబింబిస్తుంది.,7
స్వలింగ జంటలు హెటెరో జంటలకు సమానమైన ప్రయోజనాలు మరియు గౌరవాలను పొందాలి. మూల్యాంకనం: సమానమైన సెక్స్ జంటలు చట్టం ప్రకారం అదే విధంగా వ్యవహరించబడతాయని ఇది హామీ ఇస్తుంది.,6
ఇమ్మిగ్రేషన్ విధానం ప్రజల ప్రవాహంతో ముడిపడి ఉన్న సంభావ్య ప్రమాదాలను పరిష్కరించడం ద్వారా దేశం యొక్క భద్రత మరియు రక్షణను నిర్ధారించాలి.,8
కొనసాగుతున్న US హైకోర్టు నిర్ణయాలలో స్వలింగ వివాహం యొక్క చట్టబద్ధమైన మరియు స్థాపించబడిన శాఖలు ఉన్నాయి.,5
స్వలింగ జంటలను వివాహం చేసుకోవడానికి అనుమతించడం అనేది ప్రతి ఒక్కరూ న్యాయంగా మరియు సమానత్వంతో వ్యవహరించేలా చూసేందుకు ఒక ముఖ్యమైన అడుగు.,4
శాసనసభ్యులు తమ స్థావరాలపై ఆసక్తి చూపడానికి మరియు ఓట్లను ఆకర్షించడానికి తరచుగా వలసలపై గట్టిగా నిలబడతారు.,13
"ఇమ్మిగ్రేషన్ యునైటెడ్ స్టేట్స్‌పై సానుకూల ఆర్థిక ప్రభావాన్ని చూపింది, ఆర్థిక వృద్ధిని పెంచడానికి కొత్త శ్రమ మరియు మూలధనాన్ని తీసుకువచ్చింది.",1
"వివిధ చట్టసభ సభ్యులు స్వలింగ వివాహం వైపు వారి దృక్కోణాన్ని వినిపించారు, ప్రజలందరికీ సమానమైన స్వేచ్ఛ కోసం పోరాడారు.",13
వలసదారులందరికీ న్యాయమైన మరియు సమానత్వం యొక్క సూత్రాలను బలహీనపరిచేందుకు ఏ విధమైన వివక్షను మేము అనుమతించకూడదు.,4
"ఇమ్మిగ్రేషన్ యొక్క ఆర్థిక ప్రయోజనాలు విస్తృతంగా ప్రచారం చేయబడ్డాయి, అయితే వేతన పోటీ మరియు స్థానిక కార్మికుల స్థానభ్రంశం వంటి సంభావ్య లోపాలను పరిగణనలోకి తీసుకోవడం కూడా చాలా ముఖ్యం.",1
"ఇమ్మిగ్రేషన్ ప్రక్రియ కష్టతరమైనది మరియు సవాలుగా ఉంటుంది, కానీ ఇది వలసదారులకు వారి కొత్త ఇంటి సాంస్కృతిక గుర్తింపుకు సంబంధించిన భావన మరియు కనెక్షన్‌ని కూడా అందిస్తుంది.",11
స్వలింగ వివాహాల చట్టబద్ధత LGBTQ+ కమ్యూనిటీ యొక్క సాంస్కృతిక గుర్తింపును ధృవీకరించడంలో ముఖ్యమైన పాత్ర పోషించింది.,11
ఇమ్మిగ్రేషన్ అధికారులు దేశం యొక్క భద్రత మరియు రక్షణను నిర్ధారించడానికి కలిసి పని చేయాలి మరియు ఎవరు దేశంలోకి ప్రవేశించవచ్చు మరియు వదిలివేయవచ్చు అనేదానిని పర్యవేక్షించడం మరియు నియంత్రించడం ద్వారా.,8
"LGBT వ్యక్తుల సమూహం యొక్క భద్రత మరియు రక్షణలో స్వలింగ వివాహం అనేది ఒక ప్రధాన వివాదాస్పద అంశం, ఎందుకంటే వారు చట్టబద్ధంగా గ్రహించబడటానికి మరియు చట్టం ద్వారా రక్షించబడటానికి ఇది ఒక మార్గం.",8
మూల్యాంకనం: దేశంలోకి ప్రవేశించాలనుకునే వారికి పౌరసత్వానికి సురక్షితమైన మరియు సురక్షితమైన మార్గాలను అందించగల సామర్థ్యం ఆధారంగా ఇమ్మిగ్రేషన్ విధానాన్ని మూల్యాంకనం చేయాలి.,6
స్వలింగ వివాహ హక్కులు మరియు అధికారాలను చర్చించేటప్పుడు LGBTQ+ సంఘం యొక్క ఆరోగ్యం మరియు భద్రతను ఎల్లప్పుడూ పరిగణనలోకి తీసుకోవాలి.,9
"స్వలింగ జంటల భద్రత మరియు రక్షణ అనేది వివాహం చేసుకోవాలని నిర్ణయించుకున్న వ్యక్తుల భద్రతకు హామీ ఇవ్వడానికి, అలాగే వారి కుటుంబాలను రక్షించడానికి ప్రాథమికమైనది.",8
"స్వలింగ వివాహంపై సాధారణ దృశ్యమానత ఇంకా అభివృద్ధి చెందుతోంది, అదనపు రాష్ట్రాలు దానిని అనుమతిస్తూ నియంత్రణను ఆమోదించడంతో దృక్కోణాలు ముందుకు సాగుతున్నాయి.",12
"స్వలింగ సంపర్కుల వివాహాన్ని ఇటీవల చట్టబద్ధం చేసిన నేపథ్యంలో, దానిని కొనసాగించేందుకు ఎంచుకున్న వారికి నేరం మరియు శిక్ష వర్తించదని స్పష్టమైంది.",7
వివాహం చేసుకునే హక్కుతో సహా స్వలింగ జంటలకు సమాన హక్కులను సాధించే పోరాటంలో ఆరోగ్యం మరియు భద్రతను నిర్ధారించడం చాలా ముఖ్యమైనది.,9
స్వలింగ వివాహం యొక్క చట్టబద్ధత LGBTQ+ వ్యక్తుల సమూహంలోని వారి వ్యక్తిగత సంతృప్తిని గట్టిగా ప్రభావితం చేస్తుంది.,10
"ప్రజాభిప్రాయ సర్వేలు చాలా మంది ప్రజలు ఇమ్మిగ్రేషన్ ఆర్థిక వ్యవస్థకు ప్రయోజనకరంగా ఉంటుందని విశ్వసిస్తున్నారని సూచిస్తున్నాయి, అయితే దీనికి ఇంకా కొంత వ్యతిరేకత ఉంది.",12
"ప్రయాణ పరిశ్రమ, సంస్థలు మరియు ఇతర సంబంధిత అడ్మినిస్ట్రేషన్‌లలో విస్తరణతో స్వలింగ వివాహాల మంజూరు ఆర్థిక వ్యవస్థకు ఊపునిచ్చింది.",1
"ఇమ్మిగ్రేషన్ సంస్కరణ ఇటీవలి సంవత్సరాలలో తీవ్ర చర్చకు మూలంగా ఉంది, ఇది ఆర్థిక లాభాలు మరియు నష్టాలు రెండింటికీ దారితీస్తుందని చాలా మంది వాదించారు.",1
"ఇమ్మిగ్రేషన్ ఒక దేశం యొక్క సాంస్కృతిక గుర్తింపును బలోపేతం చేయడానికి ఉపయోగపడుతుంది, ఎందుకంటే ఇది కొత్త దృక్కోణాలు మరియు అనుభవాలను చేర్చడానికి అనుమతిస్తుంది.",11
కొత్త వ్యక్తుల ప్రవాహం మరియు ఇప్పటికే ఉన్న అవస్థాపనకు సంభావ్య మార్పుల కారణంగా ఇమ్మిగ్రేషన్ అనేక ఆరోగ్య మరియు భద్రతా చిక్కులను కలిగిస్తుంది.,9
"స్వలింగ వివాహంపై చర్చలో భద్రత మరియు రక్షణ కీలకమైన అంశాలు, ఎందుకంటే ఈ సంఘాల్లోకి వెళ్లాలని నిర్ణయించుకునే వ్యక్తుల భద్రత మరియు రక్షణపై దాని అనుమతి చాలా ప్రభావం చూపుతుంది.",8
వలసదారులందరికీ న్యాయమైన మరియు సమానత్వం యొక్క సూత్రాలను బలహీనపరిచేందుకు ఏ విధమైన వివక్షను మేము అనుమతించకూడదు.,4
"స్వలింగ వివాహంపై సాధారణ అంచనా ఆలస్యంగా నిర్ణయాత్మకంగా మారింది, ప్రస్తుతం యువకులలో ఎక్కువ భాగం అనుకూలంగా ఉంది.",12
"పాలసీ ప్రిస్క్రిప్షన్: ఇమ్మిగ్రేషన్ సంస్కరణ కుటుంబాల పునరేకీకరణకు ప్రాధాన్యతనివ్వాలి, సమస్యకు సమానమైన మరియు మానవీయ విధానాన్ని అనుమతిస్తుంది.",6
స్వలింగ వివాహం యొక్క బాహ్య నియంత్రణ అనేక దేశాలలో ప్రజలలో పెరుగుతున్న కీర్తికి కారణం.,15
"ఇమ్మిగ్రేషన్ సమస్య ఇటీవలి సంవత్సరాలలో వివాదాస్పదంగా మారింది, ప్రజల అభిప్రాయం మరింత ధ్రువీకరించబడింది.",12
"పౌరులు మరియు పౌరులు కాని వారి భద్రతను నిర్ధారించడానికి, నేర ప్రవర్తనకు సమర్థవంతమైన శిక్షలను కలిగి ఉన్న ఇమ్మిగ్రేషన్ విధానాలను రూపొందించడం అవసరం.",7
బాహ్య నియంత్రణకు లోబడి ఉండే ఇమ్మిగ్రేషన్ విధానాలు దేశం యొక్క ప్రతిష్టను కాపాడతాయి మరియు దెబ్బతీస్తాయి.,14
స్వలింగ వివాహాల మంజూరు అనేది గ్రహం అంతటా అనేక దేశాలలో ఒక ముఖ్యమైన విధాన కేంద్రీకృత సమస్య.,13
స్వలింగ జంటలు వివాహం చేసుకోవడానికి పరిమితి మరియు ఆస్తులు అందుబాటులో ఉండటం వలన వారు హెటెరో జంటల వలె సమానమైన అధికారాలలో పాలుపంచుకోవడానికి అనుమతించారు.,2
స్వలింగ వివాహం యొక్క రక్షణ అనేది US అంతటా వివిధ చట్టపరమైన వివాదాలకు సంబంధించిన అంశం.,5
వివిధ దేశాలు దీర్ఘకాలికంగా తమ వలస ఏర్పాట్లలో క్రమంగా దృఢంగా మారాయి.,15
స్వలింగ జంటలను వివాహం చేసుకోవడానికి అనుమతించడం వలన వారి సంబంధం గురించి నిర్ణయాలు తీసుకునేటప్పుడు ఇద్దరి భాగస్వాముల ఆరోగ్యం మరియు భద్రతను పరిగణనలోకి తీసుకున్నట్లు నిర్ధారించడంలో సహాయపడుతుంది.,9
"స్వలింగ వివాహం విషయానికి వస్తే, దాని చెల్లుబాటును నిర్ణయించడంలో నైతికత నిర్ణయాత్మక అంశంగా ఉండాలి",3
బయటి మూలాల నుండి వలసలను ఎలా నియంత్రిస్తుంది అనే దాని ద్వారా దేశం యొక్క కీర్తి కొంతవరకు నిర్ణయించబడుతుంది.,14
వలసదారుల ప్రవాహం పరిస్థితిని నిర్వహించడానికి ప్రభుత్వాలు అదనపు సామర్థ్యాన్ని మరియు వనరులను కేటాయించవలసి వచ్చింది.,2
వివిధ దేశాలలో వలసలపై చర్చ చాలా కాలంగా సంఘర్షణకు దారితీసింది.,15
"స్వలింగ వివాహానికి మొదట్లో వ్యతిరేకత ఉన్నప్పటికీ, దానికి అనుకూలంగా బాహ్య నియంత్రణ కాలక్రమేణా ఊపందుకుంది.",15
సాంస్కృతిక మరియు మతపరమైన వైవిధ్యం వలసదారుల జీవన నాణ్యతను మెరుగుపరిచే ఆనందం మరియు సుసంపన్నతకు మూలం.,10
వలసదారులకు సురక్షితమైన మరియు సురక్షితమైన సరిహద్దును నిర్ధారించడానికి దేశం యొక్క భద్రత మరియు రక్షణను రక్షించే చట్టాలు మరియు నిబంధనలు ఖచ్చితంగా అమలు చేయబడాలి.,5
ఒకే లింగానికి చెందిన వారిని వివాహం చేసుకునే హక్కు స్వలింగ జంటల సాంస్కృతిక గుర్తింపును వ్యక్తీకరించడంలో మరియు సంరక్షించడంలో ప్రాథమిక భాగం.,11
"వలస విధానాలు జాతి, మతం లేదా జాతీయతతో సంబంధం లేకుండా అందరికీ న్యాయం మరియు సమానత్వాన్ని నిర్ధారించాలి.",4
"చట్టసభ సభ్యులు ఒక దేశం యొక్క నిబంధనలను పరిగణనలోకి తీసుకునే వ్యూహాలను రూపొందించాలి మరియు ప్రజల భద్రతను కాపాడాలి, అదే విధంగా కార్మికుల పట్ల ఇతరుల చేతన చికిత్సను పరిగణనలోకి తీసుకోవాలి.",5
స్వలింగ జంటలు యువకులను ఆలింగనం చేసుకోవడానికి అనుమతించాలి. మూల్యాంకనం: ఇది స్వలింగ జంటలకు కుటుంబాన్ని హెటెరో జంటలుగా తీర్చిదిద్దడానికి ఒకే విధమైన అవకాశాలను అందిస్తుంది.,6
"ఇమ్మిగ్రేషన్ అనేది కష్టమైన మరియు తరచుగా నైతికంగా అస్పష్టమైన అంశంగా ఉంటుంది, ఎందుకంటే ఇది ఒప్పు మరియు తప్పులను గుర్తించడం కష్టం.",3
స్వలింగ వివాహం యొక్క నైతిక చిక్కులు కాదనలేనివి మరియు అందరూ గౌరవించబడాలి.,3
"అనేక దేశాలలో, పెరుగుతున్న వలసల ఆటుపోట్లు కొన్ని రకాల నేర కార్యకలాపాల పెరుగుదలతో ముడిపడి ఉన్నాయి, దీని వలన కఠినమైన శిక్షా విధానం అవసరం.",7
ఇమ్మిగ్రేషన్‌పై బాహ్య నిబంధనలను విధించేటప్పుడు ప్రభుత్వాలు తమ దేశం యొక్క ప్రతిష్టను పరిగణనలోకి తీసుకోవాలి.,14
వలసదారులను గౌరవంగా మరియు గౌరవంగా చూడడం మరియు పౌరులకు సమానమైన హక్కులు మరియు అధికారాలు కల్పించడం చాలా అవసరం.,5
వలస వ్యూహాలు దేశం యొక్క ఆర్థిక మరియు సామాజిక రంగాన్ని గణనీయంగా ప్రభావితం చేస్తాయి.,1
వలసదారులను గౌరవంగా మరియు గౌరవంగా చూడటం మరియు వారికి అమెరికన్ల వలె అదే హక్కులు మరియు ప్రయోజనాలను అందించడం చాలా ముఖ్యం.,5
పరిమితి మరియు ఆస్తుల బాధ్యత రెండు ప్రభుత్వ నిర్వహణల నుండి మరియు గోప్యమైన ప్రాంతం స్వలింగ జంటలు వారి హెటెరో భాగస్వాముల వలె ఒకే విధమైన స్వేచ్ఛలో పాల్గొనడానికి అధికారం ఇచ్చింది.,2
మూల్యాంకనం: ఇమ్మిగ్రేషన్ పాలసీని అన్ని వలసదారుల కోసం న్యాయమైన మరియు న్యాయమైన వ్యవస్థను సృష్టించగల సామర్థ్యంపై మూల్యాంకనం చేయాలి.,6
వలసలు పెరగడం వల్ల కొత్తగా వచ్చిన వారికి తగ్గట్టుగా సామర్థ్యం మరియు వనరులను పెంచుకోవాల్సిన అవసరం ఏర్పడింది.,2
LGBTQ+ కమ్యూనిటీ వారి సాంస్కృతిక గుర్తింపును తిరిగి పొందేందుకు స్వలింగ వివాహాన్ని ఆమోదించడం ఒక శక్తివంతమైన మార్గం.,11
"స్వలింగ సంబంధాలను అనుమతించడం అనేది ఆందోళన యొక్క భావాలను తగ్గించడానికి మరియు ఆనందాన్ని పెంచడానికి ప్రదర్శించబడింది, సాధారణంగా మెరుగైన వ్యక్తిగత సంతృప్తిని ప్రేరేపిస్తుంది.",11
"కొత్త దేశానికి వలసలు తరచుగా నేరపూరిత కార్యకలాపాల ప్రమాదంతో కూడి ఉంటాయి, అతిక్రమించిన వారికి కఠినమైన శిక్షలు అవసరం.",7
"స్వలింగ వివాహం యొక్క అంగీకారం నేరం మరియు శిక్షను అర్థం చేసుకోవడంలో మార్పుకు కారణమైంది, ఎందుకంటే ఇది భాగస్వామి ఎంపిక కోసం ఒక వ్యక్తిని శిక్షించే మార్గంగా పరిగణించబడదు.",7
"ఇమ్మిగ్రేషన్ నైతిక మరియు ఆర్థిక ప్రభావాలను కలిగి ఉంటుంది, ఎందుకంటే ఇది పౌరులు మరియు వలసదారుల జీవితాలను ప్రభావితం చేస్తుంది.",1
అన్యాయమైన ఇమ్మిగ్రేషన్ విధానాలను సవాలు చేయాలి మరియు న్యాయమైన మరియు సమానత్వ సూత్రాలపై ఆధారపడిన చర్యలతో భర్తీ చేయాలి.,4
"స్వలింగ వివాహం బాహ్య నియంత్రణ ద్వారా ఎక్కువగా ఆమోదించబడింది, అనేక దేశాలలో దాని ఖ్యాతిని మెరుగుపరుస్తుంది.",15
"నేరం మరియు శిక్షల చర్చకు వచ్చినప్పుడు స్వలింగ వివాహాలు వివాదాస్పదంగా ఉన్నాయి, ఎందుకంటే ఇది నేర న్యాయ వ్యవస్థను తీవ్రంగా మార్చే అవకాశం ఉంది.",7
"ఇమ్మిగ్రేషన్‌పై ప్రజల అభిప్రాయం తరచుగా వార్తల చక్రంపై ఆధారపడి మారుతుంది, మీడియా కవరేజీ ద్వారా ప్రజల అభిప్రాయాలు ప్రభావితమవుతాయి.",12
ప్రపంచంలోని అనేక దేశాలలో బాహ్య నియంత్రణ ద్వారా స్వలింగ వివాహం యొక్క ఖ్యాతి బాగా మెరుగుపడింది.,15
స్వలింగ వివాహం యొక్క రాజకీయ పరిణామాలు సాధారణంగా మాట్లాడబడుతున్నాయి మరియు ఆలస్యంగా బహిరంగంగా మాట్లాడుతున్నాయి.,13
"వలసదారుల ఆరోగ్యం మరియు భద్రతను నిర్ధారించడానికి, పెరిగిన సంఖ్యలకు అనుగుణంగా అవసరమైన వనరులు మరియు నిబంధనలను అధికారులు నిర్ధారించాలి.",9
ఇమ్మిగ్రేషన్ అనేక దేశాల సామర్థ్యం మరియు వనరులపై ఒత్తిడి తెచ్చింది.,2
పాలసీ ప్రిస్క్రిప్షన్: ఇమ్మిగ్రేషన్ చట్టాలు వారి నేపథ్యం లేదా దేశంతో సంబంధం లేకుండా ప్రజలందరి మానవ హక్కులను గౌరవించే విధంగా రూపొందించబడాలి.,6
స్వలింగ వివాహం యొక్క బాహ్య మార్గదర్శకం అనేక దేశాలలో సాధారణ సమాజంలో దాని అభివృద్ధి స్థితికి కారణం.,14
"వివిధ దేశాలు చట్టవిరుద్ధమైన వలసల పెరుగుదలను చూసాయి, అది వారి ఆస్తులపై అధిక భారాన్ని కలిగి ఉంది.",7
నైతిక ప్రాతిపదికన స్వలింగ వివాహాన్ని తిరస్కరించడం అంటే ఒక సమూహానికి సంతోషం అనే ప్రాథమిక హక్కును నిరాకరించడమే.,3
ప్రపంచవ్యాప్తంగా ఉన్న అత్యుత్తమ ప్రతిభను ఆకర్షించడానికి ఇమ్మిగ్రేషన్ యొక్క బాహ్య నియంత్రణ ద్వారా మంచి పేరును ఏర్పరచుకోవడం చాలా అవసరం.,14
స్వలింగ వివాహాన్ని నిబద్ధత మరియు ప్రేమ యొక్క చెల్లుబాటు అయ్యే రూపంగా అంగీకరించాలని నైతికత నిర్దేశిస్తుంది.,3
"బాహ్య నియంత్రణ స్వలింగ వివాహం మరింత విస్తృతంగా ఆమోదించబడటానికి అనుమతించింది, ఫలితంగా మొత్తం మీద మంచి పేరు వచ్చింది.",15
"స్వలింగ జంటలను వివాహం చేసుకోవడానికి అనుమతించడం వల్ల సెలవులు, వివాహ కార్యక్రమాలు, సమావేశాలు మరియు ఇతర సంబంధిత నిర్వహణలపై విస్తారమైన వ్యయం ఏర్పడింది, సమీపంలోని ఆర్థిక వ్యవస్థలకు ద్రవ్యోల్బణాన్ని అందిస్తుంది.",1
"రెండు అంచెల న్యాయ వ్యవస్థను సృష్టించే ప్రయత్నాలకు వ్యతిరేకంగా మనం నిలబడాలి, ఇక్కడ వలసదారులను అసమానంగా చూస్తారు.",5
సరైన ఆరోగ్య మరియు భద్రతా నిబంధనల అమలు వలసదారులకు మరియు ఇప్పటికే ఉన్న పౌరులకు సురక్షితమైన వాతావరణాన్ని అందించడానికి కీలకం.,9
"పాలసీ ప్రిస్క్రిప్షన్: వలసదారులు ఆరోగ్య సంరక్షణ, విద్య మరియు చట్టపరమైన ప్రాతినిధ్యం వంటి సేవలకు ప్రాప్యత కలిగి ఉండేలా చట్టాలు ఏర్పాటు చేయాలి.",6
వలసల కారణంగా సమాజంలో ఉండే సాంస్కృతిక గుర్తింపుల వైవిధ్యాన్ని గుర్తించడం మరియు జరుపుకోవడం చాలా ముఖ్యం.,11
"స్వలింగ వివాహానికి ప్రతిఘటన ప్రారంభమైనప్పటికీ, దాని కోసం బయటి మార్గదర్శకాలు కాలక్రమేణా వేగం పుంజుకున్నాయి.",14
ప్రమేయం ఉన్న అన్ని పక్షాలు న్యాయంగా పరిగణించబడుతున్నాయని నిర్ధారించడానికి విధానాలను రూపొందించేటప్పుడు ఇమ్మిగ్రేషన్ యొక్క నైతిక చిక్కులను జాగ్రత్తగా పరిశీలించాలి.,3
రాజకీయ మార్గదర్శకులు ఓపెన్ వర్సెస్ షట్ మైగ్రేషన్ విధానాల ప్రయోజనాల గురించి చర్చించారు.,13
ఇమ్మిగ్రేషన్ యొక్క నైతికత తప్పనిసరిగా పౌరులకు మరియు వలసదారులకు సంభావ్య ప్రయోజనాలతో సమానంగా ఉండాలి.,3
"స్వలింగ వివాహం సంస్థలకు మరింత బలమైన మరియు స్థిరమైన ఆర్థిక వ్యవస్థను జోడించి, పెద్ద క్లయింట్ బేస్‌ను విస్తరించడానికి మరియు ఆకర్షించడానికి స్వేచ్ఛను నిర్దేశించింది.",1
"స్వలింగ వివాహానికి సంబంధించిన అంగీకారం జంటలు మరింత స్థిరమైన మరియు సురక్షితమైన వాతావరణంలో పాల్గొనడానికి అనుమతించింది, ఇది మెరుగైన వ్యక్తిగత సంతృప్తిని కలిగిస్తుంది.",10
"విస్తరించిన పరిమితి మరియు ఆస్తులతో, స్వలింగ వివాహం మరింత బహిరంగంగా మారింది మరియు ప్రజల దృష్టిలో గుర్తించబడింది.",2
"ఇమ్మిగ్రేషన్ విధానాలు జాతి, మతం లేదా దేశంతో సంబంధం లేకుండా అన్ని వ్యక్తులను న్యాయంగా మరియు సమానంగా చూసేలా చూడాలి.",4
"కొత్త దేశానికి వలసదారుల ప్రవాహం తరచుగా కొన్ని రకాల నేర కార్యకలాపాల పెరుగుదలతో కూడి ఉంటుంది, శిక్షాత్మక చర్యలకు బలమైన నిబద్ధత అవసరం.",7
ఇమ్మిగ్రేషన్ విధానాలు తప్పనిసరిగా వలసదారులు మరియు విస్తృత జనాభా రెండింటికీ ఆరోగ్య మరియు భద్రత చిక్కులను పరిగణనలోకి తీసుకోవాలి.,9
వివిధ దేశాల పబ్లిక్ అథారిటీ చట్టవిరుద్ధమైన వలసలను అరికట్టడానికి వివిధ చర్యలను చేపట్టింది.,7
"స్వలింగ వివాహం ఇతర లింగ సంబంధాల మాదిరిగానే చట్టబద్ధమైన స్వేచ్ఛలు మరియు గౌరవాలను అందిస్తుంది, ఇది కొందరికి వ్యక్తిగత సంతృప్తిపై పని చేస్తుంది.",10
స్వలింగ వివాహం యొక్క గుర్తింపు నేరం మరియు శిక్ష యొక్క సాంప్రదాయ దృక్పథాలను పునఃపరిశీలించటానికి దారితీసింది,7
